{
  "__version__": "1.0.0",
  "current-scene": "500358d9-913e-44b8-9eb4-7c9ecc360452",
  "gizmos-infos": {
    "is2D": true,
    "is3DIcon": false,
    "iconSize": 2,
    "gridVisible": true,
    "gridColor": [
      150,
      150,
      150,
      255
    ],
    "isIconGizmo3D": false,
    "iconGizmoSize": 2,
    "isGridVisible": true,
    "transformToolName": "position",
    "pivot": "pivot",
    "coordinate": "local",
    "toolsVisibility3d": true
  },
  "camera-infos": {
    "726e5630-312f-4c6c-b8be-8b9a51d9881c": {
      "position": {
        "x": 640,
        "y": 360,
        "z": 5000
      },
      "rotation": {
        "x": 0,
        "y": 0,
        "z": 0,
        "w": 1
      },
      "viewCenter": {
        "x": 0,
        "y": 0,
        "z": 0
      }
    },
    "7c3e7fab-7b1e-4865-ba84-3cf81b48b9fb": {
      "position": {
        "x": 480.00000000000006,
        "y": 320,
        "z": 5000
      },
      "rotation": {
        "x": 0,
        "y": 0,
        "z": 0,
        "w": 1
      },
      "viewCenter": {
        "x": 0,
        "y": 0,
        "z": 0
      }
    },
    "2a6f65ef-7a9c-408d-8f88-9f7a021e4c4b": {
      "position": {
        "x": 640,
        "y": 360,
        "z": 5000
      },
      "rotation": {
        "x": 0,
        "y": 0,
        "z": 0,
        "w": 1
      },
      "viewCenter": {
        "x": 0,
        "y": 0,
        "z": 0
      }
    },
    "500358d9-913e-44b8-9eb4-7c9ecc360452": {
      "position": {
        "x": 359.99999999999994,
        "y": 640,
        "z": 5000
      },
      "rotation": {
        "x": 0,
        "y": 0,
        "z": 0,
        "w": 1
      },
      "viewCenter": {
        "x": 0,
        "y": 0,
        "z": 0
      }
    },
    "65a18c02-004d-4f76-8e47-a6b2db33f1cf": {
      "position": {
        "x": 360,
        "y": 640.0000000000001,
        "z": 5000
      },
      "rotation": {
        "x": 0,
        "y": 0,
        "z": 0,
        "w": 1
      },
      "viewCenter": {
        "x": 0,
        "y": 0,
        "z": 0
      }
    },
    "52773a2b-5a62-415a-9066-f5e75cc3316e": {
      "position": {
        "x": 211.2376383692099,
        "y": 816.7472827993247,
        "z": 5000
      },
      "rotation": {
        "x": 0,
        "y": 0,
        "z": 0,
        "w": 1
      },
      "viewCenter": {
        "x": 0,
        "y": 0,
        "z": 0
      }
    },
    "7732dee4-f51e-474c-b874-9f5e10deaae6": {
      "position": {
        "x": 540,
        "y": 1170,
        "z": 5676.588435306525
      },
      "rotation": {
        "x": 0,
        "y": 0,
        "z": 0,
        "w": 1
      },
      "viewCenter": {
        "x": 540,
        "y": 1170,
        "z": 0
      },
      "contentRect": {
        "x": 0,
        "y": 0,
        "width": 917,
        "height": 934
      },
      "scale": 1
    },
    "a66d203f-cd09-4eb6-94d2-fd4cb063af7d": {
      "position": {
        "x": 540,
        "y": 1170,
        "z": 5676.588435306525
      },
      "rotation": {
        "x": 0,
        "y": 0,
        "z": 0,
        "w": 1
      },
      "viewCenter": {
        "x": 540,
        "y": 1170,
        "z": 0
      },
      "contentRect": {
        "x": 0,
        "y": 0,
        "width": 917,
        "height": 934
      },
      "scale": 1
    },
    "4a0e1fbd-4db6-4b3f-bcb0-2c7e1400bd8e": {
      "position": {
        "x": 540,
        "y": 1170,
        "z": 5676.588435306525
      },
      "rotation": {
        "x": 0,
        "y": 0,
        "z": 0,
        "w": 1
      },
      "viewCenter": {
        "x": 540,
        "y": 1170,
        "z": 0
      },
      "contentRect": {
        "x": 0,
        "y": 0,
        "width": 917,
        "height": 934
      },
      "scale": 1
    },
    "3b6029f9-ab3d-4666-aac4-d943fd404347": {
      "position": {
        "x": 540,
        "y": 1170,
        "z": 9000
      },
      "rotation": {
        "x": 0,
        "y": 0,
        "z": 0,
        "w": 1
      },
      "viewCenter": {
        "x": 540,
        "y": 1170,
        "z": 0
      },
      "contentRect": {
        "x": 0,
        "y": 0,
        "width": 917,
        "height": 934
      },
      "scale": 1
    },
    "4fb4619f-cb4c-4b0d-b2c7-3d289e197832": {
      "position": {
        "x": 540,
        "y": 1170,
        "z": 5676.588435306525
      },
      "rotation": {
        "x": 0,
        "y": 0,
        "z": 0,
        "w": 1
      },
      "viewCenter": {
        "x": 540,
        "y": 1170,
        "z": 0
      },
      "contentRect": {
        "x": 0,
        "y": 0,
        "width": 917,
        "height": 934
      },
      "scale": 1
    },
    "1e2fa71b-9229-4f2c-b1e9-2ac5bd6aa7dd": {
      "position": {
        "x": 540,
        "y": 1170,
        "z": 8514.882652959788
      },
      "rotation": {
        "x": 0,
        "y": 0,
        "z": 0,
        "w": 1
      },
      "viewCenter": {
        "x": 540,
        "y": 1170,
        "z": 0
      },
      "contentRect": {
        "x": 0,
        "y": 0,
        "width": 917,
        "height": 934
      },
      "scale": 1
    },
    "40039361-f40f-43d3-9b3e-1ee80bc2a056": {
      "position": {
        "x": 540,
        "y": 1251.257,
        "z": 713.8865379864417
      },
      "rotation": {
        "x": 0,
        "y": 0,
        "z": 0,
        "w": 1
      },
      "viewCenter": {
        "x": 540,
        "y": 1251.257,
        "z": 0
      },
      "contentRect": {
        "x": 0,
        "y": 0,
        "width": 300,
        "height": 150
      },
      "scale": 1
    },
    "6b6a0cb9-87e9-44f8-b613-851c267bf738": {
      "position": {
        "x": 415.78591560076757,
        "y": 1408.1283229619517,
        "z": 5000
      },
      "rotation": {
        "x": 0,
        "y": 0,
        "z": 0,
        "w": 1
      },
      "viewCenter": {
        "x": 0,
        "y": 0,
        "z": 0
      },
      "contentRect": {
        "x": -553.4996275940186,
        "y": 420.873473077622,
        "width": 917,
        "height": 934
      },
      "scale": 0.4730288233627978
    },
    "b5fc1ddb-aaee-4eb6-8f21-9ef31e64d307": {
      "position": {
        "x": 958,
        "y": 646,
        "z": 5000
      },
      "rotation": {
        "x": 0,
        "y": 0,
        "z": 0,
        "w": 1
      },
      "viewCenter": {
        "x": 0,
        "y": 0,
        "z": 0
      },
      "contentRect": {
        "x": 0,
        "y": 0,
        "width": 1901.170278637771,
        "height": 1282
      },
      "scale": 0.9922600619195047
    },
    "0e09b2b3-90f0-4f74-802f-17a05e082e6a": {
      "position": {
        "x": 872.4218135877761,
        "y": 560.9216960606002,
        "z": 5000
      },
      "rotation": {
        "x": 0,
        "y": 0,
        "z": 0,
        "w": 1
      },
      "viewCenter": {
        "x": 0,
        "y": 0,
        "z": 0
      },
      "contentRect": {
        "x": -85.57818641222347,
        "y": -85.07830393939949,
        "width": 1901.170278637771,
        "height": 1282
      },
      "scale": 0.9922600619195051
    },
    "f46876e4-e81b-4931-b493-6d367be385e7": {
      "position": {
        "x": 0,
        "y": 0,
        "z": 5000
      },
      "rotation": {
        "x": 0,
        "y": 0,
        "z": 0,
        "w": 1
      },
      "viewCenter": {
        "x": 0,
        "y": 0,
        "z": 0
      },
      "contentRect": {
        "x": -290,
        "y": -145,
        "width": 0,
        "height": 0
      },
      "scale": 1
    }
  },
  "camera-uuids": [
    "7732dee4-f51e-474c-b874-9f5e10deaae6",
    "a66d203f-cd09-4eb6-94d2-fd4cb063af7d",
    "4a0e1fbd-4db6-4b3f-bcb0-2c7e1400bd8e",
    "3b6029f9-ab3d-4666-aac4-d943fd404347",
    "4fb4619f-cb4c-4b0d-b2c7-3d289e197832",
    "1e2fa71b-9229-4f2c-b1e9-2ac5bd6aa7dd",
    "40039361-f40f-43d3-9b3e-1ee80bc2a056",
    "6b6a0cb9-87e9-44f8-b613-851c267bf738",
    "b5fc1ddb-aaee-4eb6-8f21-9ef31e64d307",
    "0e09b2b3-90f0-4f74-802f-17a05e082e6a",
    "f46876e4-e81b-4931-b493-6d367be385e7"
  ],