{
  "__version__": "1.0.0",
  "current-scene": "500358d9-913e-44b8-9eb4-7c9ecc360452",
  "gizmos-infos": {
    "is2D": true,
    "is3DIcon": false,
    "iconSize": 2,
    "gridVisible": true,
    "gridColor": [
      150,
      150,
      150,
      255
    ],
    "isIconGizmo3D": false,
    "iconGizmoSize": 2,
    "isGridVisible": true,
    "transformToolName": "position",
    "pivot": "pivot",
    "coordinate": "local",
    "toolsVisibility3d": true
  },
  "camera-infos": {
    "726e5630-312f-4c6c-b8be-8b9a51d9881c": {
      "position": {
        "x": 640,
        "y": 360,
        "z": 5000
      },
      "rotation": {
        "x": 0,
        "y": 0,
        "z": 0,
        "w": 1
      },
      "viewCenter": {
        "x": 0,
        "y": 0,
        "z": 0
      }
    },
    "7c3e7fab-7b1e-4865-ba84-3cf81b48b9fb": {
      "position": {
        "x": 480.00000000000006,
        "y": 320,
        "z": 5000
      },
      "rotation": {
        "x": 0,
        "y": 0,
        "z": 0,
        "w": 1
      },
      "viewCenter": {
        "x": 0,
        "y": 0,
        "z": 0
      }
    },
    "2a6f65ef-7a9c-408d-8f88-9f7a021e4c4b": {
      "position": {
        "x": 640,
        "y": 360,
        "z": 5000
      },
      "rotation": {
        "x": 0,
        "y": 0,
        "z": 0,
        "w": 1
      },
      "viewCenter": {
        "x": 0,
        "y": 0,
        "z": 0
      }
    },
    "500358d9-913e-44b8-9eb4-7c9ecc360452": {
      "position": {
        "x": 359.99999999999994,
        "y": 640,
        "z": 5000
      },
      "rotation": {
        "x": 0,
        "y": 0,
        "z": 0,
        "w": 1
      },
      "viewCenter": {
        "x": 0,
        "y": 0,
        "z": 0
      }
    },
    "65a18c02-004d-4f76-8e47-a6b2db33f1cf": {
      "position": {
        "x": 360,
        "y": 640.0000000000001,
        "z": 5000
      },
      "rotation": {
        "x": 0,
        "y": 0,
        "z": 0,
        "w": 1
      },
      "viewCenter": {
        "x": 0,
        "y": 0,
        "z": 0
      }
    },
    "52773a2b-5a62-415a-9066-f5e75cc3316e": {
      "position": {
        "x": 211.2376383692099,
        "y": 816.7472827993247,
        "z": 5000
      },
      "rotation": {
        "x": 0,
        "y": 0,
        "z": 0,
        "w": 1
      },
      "viewCenter": {
        "x": 0,
        "y": 0,
        "z": 0
      }
    },
    "40039361-f40f-43d3-9b3e-1ee80bc2a056": {
      "position": {
        "x": 273.23077978182187,
        "y": 809.8575414924446,
        "z": 5000
      },
      "rotation": {
        "x": 0,
        "y": 0,
        "z": 0,
        "w": 1
      },
      "viewCenter": {
        "x": 0,
        "y": 0,
        "z": 0
      },
      "contentRect": {
        "x": -520.5965360677651,
        "y": -910.1016428483267,
        "width": 280,
        "height": 140
      },
      "scale": 0.26802961616597476
    },
    "1e2fa71b-9229-4f2c-b1e9-2ac5bd6aa7dd": {
      "position": {
        "x": 276.38360346515935,
        "y": 1010.8615954070375,
        "z": 5000
      },
      "rotation": {
        "x": 0,
        "y": 0,
        "z": 0,
        "w": 1
      },
      "viewCenter": {
        "x": 0,
        "y": 0,
        "z": 0
      },
      "contentRect": {
        "x": -692.9019397296266,
        "y": 23.606745522707893,
        "width": 917,
        "height": 934
      },
      "scale": 0.47302882336279783
    },
    "6b6a0cb9-87e9-44f8-b613-851c267bf738": {
      "position": {
        "x": 442.87996321358094,
        "y": 1011.1617376975028,
        "z": 5000
      },
      "rotation": {
        "x": 0,
        "y": 0,
        "z": 0,
        "w": 1
      },
      "viewCenter": {
        "x": 0,
        "y": 0,
        "z": 0
      },
      "contentRect": {
        "x": -2381.8198571161693,
        "y": -893.5940910426001,
        "width": 1901.170278637771,
        "height": 1282
      },
      "scale": 0.3365260734883737
    },
    "2724d202-885a-4185-952c-d4e83af8449d": {
      "position": {
        "x": -281.4435983790254,
        "y": 1267.072282255915,
        "z": 5000
      },
      "rotation": {
        "x": 0,
        "y": 0,
        "z": 0,
        "w": 1
      },
      "viewCenter": {
        "x": 0,
        "y": 0,
        "z": 0
      },
      "contentRect": {
        "x": -1099.9305442946452,
        "y": -506.31610056126095,
        "width": 425.0769230769231,
        "height": 921
      },
      "scale": 0.25967239013286936
    },
    "1714916e-b050-4883-99b2-f072b2d33976": {
      "position": {
        "x": 539.9999999999999,
        "y": 1140,
        "z": 5000
      },
      "rotation": {
        "x": 0,
        "y": 0,
        "z": 0,
        "w": 1
      },
      "viewCenter": {
        "x": 0,
        "y": 0,
        "z": 0
      },
      "contentRect": {
        "x": 14.416819622893309,
        "y": 1.2364425162689803,
        "width": 436.7368421052632,
        "height": 922
      },
      "scale": 0.40438596491228074
    },
    "3b6029f9-ab3d-4666-aac4-d943fd404347": {
      "position": {
        "x": 414.4306892241152,
        "y": 515.8028571720839,
        "z": 5000
      },
      "rotation": {
        "x": 0,
        "y": 0,
        "z": 0,
        "w": 1
      },
      "viewCenter": {
        "x": 0,
        "y": 0,
        "z": 0
      },
      "contentRect": {
        "x": -829.5754790453999,
        "y": -751.2655846640416,
        "width": 917,
        "height": 934
      },
      "scale": 0.3685673043227753
    },
    "7732dee4-f51e-474c-b874-9f5e10deaae6": {
      "position": {
        "x": 458.5,
        "y": 467,
        "z": 5000
      },
      "rotation": {
        "x": 0,
        "y": 0,
        "z": 0,
        "w": 1
      },
      "viewCenter": {
        "x": 0,
        "y": 0,
        "z": 0
      },
      "contentRect": {
        "x": 0,
        "y": 0,
        "width": 917,
        "height": 934
      },
      "scale": 1
    },
    "a66d203f-cd09-4eb6-94d2-fd4cb063af7d": {
      "position": {
        "x": 458.5,
        "y": 467,
        "z": 5000
      },
      "rotation": {
        "x": 0,
        "y": 0,
        "z": 0,
        "w": 1
      },
      "viewCenter": {
        "x": 0,
        "y": 0,
        "z": 0
      },
      "contentRect": {
        "x": 0,
        "y": 0,
        "width": 917,
        "height": 934
      },
      "scale": 1
    },
    "a62fad79-98b5-450b-931d-eafdd5cd94d7": {
      "position": {
        "x": 540,
        "y": 1140,
        "z": 5000
      },
      "rotation": {
        "x": 0,
        "y": 0,
        "z": 0,
        "w": 1
      },
      "viewCenter": {
        "x": 0,
        "y": 0,
        "z": 0
      },
      "contentRect": {
        "x": -623.6550976138828,
        "y": -45.22776572668112,
        "width": 425.53846153846155,
        "height": 922
      },
      "scale": 0.394017094017094
    },
    "4fb4619f-cb4c-4b0d-b2c7-3d289e197832": {
      "position": {
        "x": 452.439293598234,
        "y": 459.8454746136865,
        "z": 5000
      },
      "rotation": {
        "x": 0,
        "y": 0,
        "z": 0,
        "w": 1
      },
      "viewCenter": {
        "x": 0,
        "y": 0,
        "z": 0
      },
      "contentRect": {
        "x": 237.3216165732722,
        "y": -6.2428256070639705,
        "width": 906,
        "height": 921.8253275109171
      },
      "scale": 0.9890829694323144
    },
    "4a0e1fbd-4db6-4b3f-bcb0-2c7e1400bd8e": {
      "position": {
        "x": 575.4716184294732,
        "y": 804.7053438645562,
        "z": 5000
      },
      "rotation": {
        "x": 0,
        "y": 0,
        "z": 0,
        "w": 1
      },
      "viewCenter": {
        "x": 0,
        "y": 0,
        "z": 0
      },
      "contentRect": {
        "x": -668.5345498400418,
        "y": -462.3630979715694,
        "width": 917,
        "height": 934
      },
      "scale": 0.3685673043227753
    },
    "f197ad1c-87bb-46d6-81cf-0eae3d86a5d8": {
      "position": {
        "x": 580.9530249755189,